{"GBP-2006-07": 1.45449539841, "GBP-2004-08": 1.51034139048, "SEK-2007-12": 0.106175105262, "SEK-2007-03": 0.107251378301, "SEK-2015-10": 0.10666211575, "HRK-2011-10": 0.133342222815, "DKK-2016-06": 0.134435706124, "DKK-2013-05": 0.133984421311, "DKK-2007-08": 0.1345881248, "SEK-2010-03": 0.102649146066, "HRK-2016-02": 0.130539781999, "DKK-2011-03": 0.134016509293, "SEK-2015-11": 0.106413041658, "HRK-2014-02": 0.130759150299, "DKK-2015-06": 0.134069823564, "DKK-2016-09": 0.134386125705, "GBP-2001-01": 1.60720042988, "DKK-2015-02": 0.134418237682, "GBP-2016-04": 1.25172111654, "SEK-2008-04": 0.106288321058, "SEK-2012-11": 0.115743419987, "DKK-2008-02": 0.133837510478, "HRK-2016-09": 0.13370833931, "HRK-2013-12": 0.130947518662, "GBP-2006-03": 1.46168646478, "GBP-2001-06": 1.67020523709, "DKK-2012-05": 0.134556580388, "GBP-2010-07": 1.22696301103, "GBP-2004-06": 1.5010219933, "SEK-2008-06": 0.10754490162, "DKK-2009-07": 0.135163874628, "HRK-2012-05": 0.133280021325, "GBP-2001-10": 1.6202739726, "SEK-2013-06": 0.11628657011, "DKK-2013-01": 0.133757706393, "SEK-2007-09": 0.106021433229, "DKK-2010-08": 0.134639102847, "DKK-2011-09": 0.134250345534, "DKK-2013-06": 0.134190235664, "SEK-2016-01": 0.109045346144, "SEK-2016-02": 0.107717994291, "DKK-2009-10": 0.13430285544, "GBP-2015-06": 1.39033715676, "DKK-2009-01": 0.134315132358, "DKK-2012-11": 0.13405364827, "DKK-2009-03": 0.134431764888, "HRK-2015-12": 0.130950042559, "HRK-2011-11": 0.133315557926, "HRK-2014-08": 0.130890052356, "GBP-2016-01": 1.35802720366, "GBP-2015-03": 1.3786488393, "SEK-2013-09": 0.114245366028, "DKK-2013-11": 0.134077013837, "DKK-2015-05": 0.1337482567, "SEK-2011-03": 0.114591949812, "SEK-2009-03": 0.0876428367897, "GBP-2009-12": 1.1029587369, "GBP-2015-12": 1.42126208073, "GBP-2007-05": 1.46953325983, "SEK-2007-02": 0.110612528825, "GBP-2008-04": 1.26270753512, "HRK-2012-03": 0.132152768601, "GBP-2001-03": 1.57007228395, "DKK-2013-04": 0.134146253429, "DKK-2011-10": 0.133844710607, "HRK-2013-09": 0.132137058062, "GBP-2007-07": 1.48559792669, "SEK-2014-05": 0.110761883268, "HRK-2014-10": 0.130847235852, "SEK-2012-05": 0.112604993515, "SEK-2007-08": 0.10825856516, "SEK-2012-09": 0.120046262464, "DKK-2011-07": 0.13424611383, "DKK-2010-12": 0.134527021188, "SEK-2015-12": 0.10855641677, "HRK-2014-04": 0.130744590443, "GBP-2005-02": 1.44254241191, "HRK-2016-11": 0.133061717926, "GBP-2010-02": 1.14454107669, "SEK-2016-09": 0.104745686132, "HRK-2012-06": 0.132366177794, "SEK-2013-01": 0.116174750296, "SEK-2016-07": 0.10649627263, "DKK-2013-02": 0.134044663682, "DKK-2011-05": 0.13374689657, "SEK-2014-04": 0.112357025685, "SEK-2011-04": 0.112360545773, "HRK-2015-11": 0.13184012607, "DKK-2008-04": 0.133726253159, "HRK-2015-09": 0.132415254237, "HRK-2015-07": 0.131778348817, "SEK-2010-07": 0.105070021941, "SEK-2009-11": 0.0958296470862, "SEK-2016-11": 0.101164933253, "GBP-2001-05": 1.61559260929, "DKK-2007-06": 0.134330059509, "GBP-2015-01": 1.28762545453, "SEK-2007-04": 0.107516573309, "SEK-2012-08": 0.120208200603, "DKK-2009-12": 0.134603616377, "SEK-2011-08": 0.109223449562, "DKK-2016-02": 0.134003350084, "DKK-2014-12": 0.134406795608, "GBP-2013-01": 1.22961060133, "SEK-2015-04": 0.10806021115, "GBP-2004-11": 1.43732350173, "SEK-2014-01": 0.1129897956, "HRK-2012-11": 0.132925694537, "GBP-2008-12": 1.17703045685, "HRK-2012-10": 0.134671065921, "DKK-2007-07": 0.134532429849, "HRK-2012-01": 0.132678784662, "SEK-2007-10": 0.108987425728, "DKK-2011-01": 0.134165157309, "GBP-2016-05": 1.27616894938, "SEK-2010-02": 0.0987758357063, "GBP-2003-03": 1.45956223335, "SEK-2015-01": 0.106002262711, "GBP-2014-12": 1.26151129053, "SEK-2008-03": 0.106832291246, "DKK-2012-10": 0.134130965475, "HRK-2013-04": 0.131585345129, "GBP-2011-06": 1.13763187118, "GBP-2015-07": 1.4103377759, "DKK-2011-06": 0.134346106653, "SEK-2013-11": 0.113565385271, "SEK-2014-03": 0.112877763779, "DKK-2010-05": 0.134228029368, "GBP-2010-11": 1.15252046532, "HRK-2016-12": 0.132529949035, "GBP-2012-11": 1.24509742887, "SEK-2009-09": 0.0964008194918, "GBP-2008-07": 1.26339144216, "SEK-2009-08": 0.0980052407283, "HRK-2013-11": 0.131233595801, "GBP-2005-01": 1.40665149402, "DKK-2014-04": 0.133949501038, "DKK-2008-01": 0.133076377752, "DKK-2012-04": 0.134410408742, "HRK-2015-01": 0.130655801276, "SEK-2008-07": 0.105874740547, "DKK-2008-06": 0.13452423658, "DKK-2012-08": 0.134376091806, "SEK-2012-04": 0.113051834266, "GBP-2003-12": 1.43181629087, "DKK-2011-12": 0.13453518095, "SEK-2015-09": 0.105314152116, "DKK-2015-11": 0.134030713709, "SEK-2014-10": 0.109972286984, "GBP-2013-02": 1.16049669258, "SEK-2015-06": 0.106684874219, "GBP-2006-11": 1.49651171906, "HRK-2014-09": 0.131345636041, "SEK-2012-03": 0.11346230215, "SEK-2008-09": 0.105699306613, "SEK-2016-04": 0.108209883891, "DKK-2010-10": 0.13446243556, "DKK-2014-11": 0.134354589173, "DKK-2015-07": 0.134035680298, "HRK-2012-07": 0.133053716711, "DKK-2011-04": 0.134813376596, "DKK-2014-08": 0.134125568357, "GBP-2001-12": 1.60204540346, "SEK-2011-10": 0.108604805435, "DKK-2012-12": 0.134013776192, "SEK-2016-03": 0.106780565937, "SEK-2009-05": 0.0936876647659, "SEK-2010-06": 0.105334772234, "DKK-2014-01": 0.134150377071, "HRK-2016-03": 0.131125185214, "DKK-2015-03": 0.133992030821, "GBP-2014-11": 1.27722765942, "DKK-2010-01": 0.133727982798, "GBP-2014-04": 1.20598166908, "DKK-2015-09": 0.133987190825, "DKK-2013-03": 0.134116574126, "GBP-2001-04": 1.60665760869, "DKK-2007-09": 0.133652179318, "HRK-2016-08": 0.13372677328, "DKK-2015-12": 0.134044663682, "DKK-2011-08": 0.132245804669, "DKK-2009-09": 0.133617048648, "SEK-2014-08": 0.108453988395, "DKK-2010-04": 0.135305186694, "DKK-2015-01": 0.134401444313, "SEK-2011-05": 0.111677704221, "SEK-2015-02": 0.106928647891, "SEK-2016-05": 0.108709066994, "SEK-2007-06": 0.107408991921, "SEK-2008-02": 0.105749587295, "SEK-2011-09": 0.109823193773, "SEK-2015-08": 0.105526910218, "GBP-2015-08": 1.42131573685, "SEK-2013-05": 0.116932554746, "HRK-2016-10": 0.133128196902, "SEK-2010-01": 0.0970412141567, "SEK-2016-08": 0.1043099035, "SEK-2013-12": 0.112216294697, "SEK-2013-10": 0.116454846171, "GBP-2009-09": 1.12952354338, "HRK-2013-03": 0.131731478554, "GBP-2016-02": 1.31406044678, "GBP-2007-10": 1.43591905565, "SEK-2010-12": 0.109448755978, "DKK-2010-02": 0.134263397549, "SEK-2010-05": 0.103792571749, "HRK-2013-07": 0.134339987641, "GBP-2001-09": 1.58440707579, "SEK-2011-12": 0.109579434132, "DKK-2008-12": 0.134534341128, "SEK-2015-03": 0.10713459333, "DKK-2010-06": 0.135646024807, "SEK-2013-07": 0.114998045033, "HRK-2013-10": 0.131314590364, "SEK-2011-06": 0.112285455282, "GBP-2015-05": 1.35443084304, "GBP-2014-07": 1.25297581757, "GBP-2015-10": 1.35740464232, "GBP-2016-06": 1.29269112438, "HRK-2014-07": 0.131926121372, "DKK-2016-04": 0.134222782975, "DKK-2009-11": 0.134004140192, "DKK-2009-06": 0.134010763101, "DKK-2008-09": 0.134103984229, "SEK-2008-12": 0.0957514074078, "DKK-2015-10": 0.134039273507, "HRK-2012-02": 0.131960939562, "DKK-2013-09": 0.134067310802, "GBP-2013-10": 1.2001480933, "SEK-2008-11": 0.100735498889, "DKK-2013-10": 0.134400568826, "SEK-2008-10": 0.102764818909, "HRK-2013-06": 0.132162742502, "DKK-2012-09": 0.134230231971, "SEK-2009-12": 0.0960702537633, "HRK-2016-07": 0.132916860504, "HRK-2011-08": 0.134589502019, "HRK-2011-12": 0.133182393288, "DKK-2014-09": 0.134238999114, "DKK-2016-03": 0.134064431366, "DKK-2014-10": 0.134341792388, "SEK-2010-10": 0.108548410738, "HRK-2012-12": 0.132635905776, "SEK-2012-02": 0.112623080471, "SEK-2010-04": 0.10359704522, "GBP-2012-03": 1.19774823332, "GBP-2004-03": 1.49631528356, "HRK-2015-08": 0.131629172584, "HRK-2016-06": 0.133123885087, "HRK-2014-11": 0.130452762509, "HRK-2015-03": 0.130397039178, "GBP-2001-07": 1.66002358491, "GBP-2002-05": 1.62311278864, "GBP-2003-09": 1.43245953302, "SEK-2013-08": 0.115056262512, "SEK-2014-09": 0.108789068874, "DKK-2009-04": 0.134040852424, "DKK-2012-01": 0.134513464798, "SEK-2011-07": 0.110003250288, "SEK-2011-02": 0.113810228807,