{"HRK-2013-03": 0.131731478554, "DKK-2007-11": 0.13428176382, "SEK-2016-02": 0.107717994291, "SEK-2009-08": 0.0980052407283, "HRK-2015-02": 0.130031505505, "SEK-2013-07": 0.114998045033, "SEK-2012-01": 0.112208258528, "SEK-2010-12": 0.109448755978, "DKK-2010-12": 0.134527021188, "HRK-2013-06": 0.132162742502, "GBP-2008-12": 1.17703045685, "SEK-2014-10": 0.109972286984, "DKK-2011-11": 0.134383314968, "SEK-2016-09": 0.104745686132, "SEK-2013-06": 0.11628657011, "SEK-2011-05": 0.111677704221, "DKK-2008-06": 0.13452423658, "DKK-2009-04": 0.134040852424, "SEK-2012-11": 0.115743419987, "DKK-2015-12": 0.134044663682, "GBP-2014-04": 1.20598166908, "SEK-2016-06": 0.107763265658, "GBP-2004-02": 1.47084948321, "GBP-2015-08": 1.42131573685, "DKK-2008-10": 0.133834018173, "SEK-2008-11": 0.100735498889, "DKK-2013-07": 0.134064431366, "SEK-2010-06": 0.105334772234, "SEK-2013-12": 0.112216294697, "HRK-2016-08": 0.13372677328, "HRK-2014-12": 0.130279579979, "SEK-2014-07": 0.109170305677, "GBP-2015-12": 1.42126208073, "DKK-2014-10": 0.134341792388, "GBP-2014-07": 1.25297581757, "HRK-2015-03": 0.130397039178, "SEK-2007-05": 0.109504028169, "SEK-2016-11": 0.101164933253, "DKK-2008-07": 0.134133394319, "SEK-2016-08": 0.1043099035, "SEK-2008-07": 0.105874740547, "DKK-2014-01": 0.134150377071, "SEK-2011-06": 0.112285455282, "SEK-2015-06": 0.106684874219, "GBP-2015-03": 1.3786488393, "DKK-2010-04": 0.135305186694, "GBP-2020-01": 1.1730798892, "HRK-2016-01": 0.131001808829, "SEK-2001-07": 0.108376553903, "SEK-2012-02": 0.112623080471, "DKK-2015-04": 0.133854473417, "DKK-2014-02": 0.134098679892, "HRK-2012-02": 0.131960939562, "SEK-2014-06": 0.109664305909, "SEK-2008-03": 0.106832291246, "DKK-2014-12": 0.134406795608, "GBP-2001-03": 1.57007228395, "HRK-2016-03": 0.131125185214, "SEK-2007-03": 0.107251378301, "SEK-2012-08": 0.120208200603, "GBP-2014-10": 1.28501670522, "SEK-2015-12": 0.10855641677, "SEK-2014-01": 0.1129897956, "GBP-2012-11": 1.24509742887, "GBP-2009-09": 1.12952354338, "DKK-2011-01": 0.134165157309, "SEK-2007-07": 0.108168357883, "DKK-2009-03": 0.134431764888, "HRK-2016-09": 0.13370833931, "DKK-2009-01": 0.134315132358, "HRK-2012-10": 0.134671065921, "GBP-2016-01": 1.35802720366, "DKK-2008-08": 0.134004466294, "GBP-2019-11": 1.1730798892, "HRK-2014-09": 0.131345636041, "HRK-2013-11": 0.131233595801, "GBP-2004-08": 1.51034139048, "SEK-2013-11": 0.113565385271, "GBP-2015-09": 1.36462882096, "DKK-2011-04": 0.134813376596, "SEK-2009-04": 0.0918625598091, "DKK-2009-11": 0.134004140192, "GBP-2002-05": 1.62311278864, "DKK-2009-02": 0.134030963426, "HRK-2015-06": 0.132030631106, "SEK-2010-05": 0.103792571749, "DKK-2010-05": 0.134228029368, "DKK-2013-10": 0.134400568826, "GBP-2005-01": 1.40665149402, "HRK-2012-08": 0.133049494412, "GBP-2012-03": 1.19774823332, "DKK-2009-05": 0.134184019763, "SEK-2007-02": 0.110612528825, "DKK-2011-09": 0.134250345534, "HRK-2016-12": 0.132529949035, "DKK-2014-08": 0.134125568357, "SEK-2010-02": 0.0987758357063, "GBP-2004-03": 1.49631528356, "HRK-2014-08": 0.130890052356, "DKK-2016-06": 0.134435706124, "SEK-2008-02": 0.105749587295, "GBP-2014-12": 1.26151129053, "GBP-2008-04": 1.26270753512, "HRK-2016-05": 0.133178670566, "DKK-2012-09": 0.134230231971, "SEK-2009-12": 0.0960702537633, "DKK-2013-08": 0.134136363027, "DKK-2016-01": 0.134134153088, "GBP-2031-03": 1.1730798892, "SEK-2009-10": 0.0976815664101, "GBP-2020-02": 1.1730798892, "GBP-2024-07": 1.1730798892, "SEK-2013-05": 0.116932554746, "SEK-2015-10": 0.10666211575, "SEK-2008-08": 0.105642612816, "SEK-2016-03": 0.106780565937, "SEK-2014-05": 0.110761883268, "HRK-2014-10": 0.130847235852, "SEK-2007-08": 0.10825856516, "DKK-2015-10": 0.134039273507, "SEK-2010-08": 0.106649464421, "GBP-2015-07": 1.4103377759, "HRK-2015-11": 0.13184012607, "GBP-2001-10": 1.6202739726, "SEK-2012-05": 0.112604993515, "DKK-2010-08": 0.134639102847, "GBP-2003-03": 1.45956223335, "GBP-2013-05": 1.18123788756, "DKK-2009-06": 0.134010763101, "SEK-2011-07": 0.110003250288, "DKK-2012-12": 0.134013776192, "GBP-2021-11": 1.1730798892, "HRK-2014-03": 0.130639509536, "HRK-2016-02": 0.130539781999, "SEK-2013-09": 0.114245366028, "GBP-2015-05": 1.35443084304, "SEK-2011-03": 0.114591949812, "HRK-2013-10": 0.131314590364, "HRK-2014-11": 0.130452762509, "SEK-2016-01": 0.109045346144, "HRK-2015-10": 0.130890052356, "DKK-2010-01": 0.133727982798, "SEK-2016-10": 0.103771911275, "SEK-2010-10": 0.108548410738, "DKK-2015-02": 0.134418237682, "SEK-2013-08": 0.115056262512, "GBP-2007-05": 1.46953325983, "SEK-2015-01": 0.106002262711, "HRK-2011-09": 0.13360945955, "GBP-2028-02": 1.1730798892, "GBP-2017-04": 1.1730798892, "SEK-2009-02": 0.0932818459334, "HRK-2012-04": 0.133111480865, "SEK-2009-03": 0.0876428367897, "GBP-2007-01": 1.48716780562, "SEK-2009-11": 0.0958296470862, "DKK-2011-03": 0.134016509293, "GBP-2016-04": 1.25172111654, "SEK-2014-02": 0.113244273311, "SEK-2008-01": 0.105207173503, "SEK-2009-05": 0.0936876647659, "DKK-2015-09": 0.133987190825, "DKK-2010-03": 0.134292012677, "SEK-2012-10": 0.118020559181, "GBP-2028-01": 1.1730798892, "SEK-2014-03": 0.112877763779, "GBP-2016-06": 1.29269112438, "HRK-2011-08": 0.134589502019, "GBP-2001-01": 1.60720042988, "DKK-2014-04": 0.133949501038, "SEK-2015-11": 0.106413041658, "GBP-2016-03": 1.2853470437, "SEK-2008-12": 0.0957514074078, "SEK-2014-09": 0.108789068874, "GBP-2008-07": 1.26339144216, "GBP-2007-07": 1.48559792669, "GBP-2019-08": 1.1730798892, "HRK-2012-03": 0.132152768601, "DKK-2007-06": 0.134330059509, "DKK-2008-12": 0.134534341128, "GBP-2016-02": 1.31406044678, "DKK-2015-08": 0.133927004789, "GBP-2020-04": 1.1730798892, "SEK-2010-01": 0.0970412141567, "DKK-2008-09": 0.134103984229, "SEK-2010-11": 0.107299625958, "SEK-2009-07": 0.0938785084126, "HRK-2013-07": 0.134339987641, "GBP-2027-11": 1.1730798892, "HRK-2014-02": 0.130759150299, "SEK-2015-04": 0.10806021115, "GBP-2003-12": 1.43181629087, "HRK-2016-11": 0.133061717926, "SEK-2013-10": 0.116454846171, "GBP-2009-12": 1.1029587369, "GBP-2024-03": 1.1730798892, "SEK-2015-08": 0.105526910218, "GBP-2019-10": 1.1730798892, "DKK-2009-09": 0.133617048648, "GBP-2001-04": 1.60665760869, "GBP-2022-07": 1.1730798892, "DKK-2011-08": 0.132245804669, "HRK-2014-07": 0.131926121372, "SEK-2015-05": 0.106727364755, "GBP-2015-04": 1.37268359643, "GBP-2015-01": 1.28762545453, "GBP-2013-02": 1.16049669258, "GBP-2003-09": 1.43245953302, "DKK-2013-04": 0.134146253429, "GBP-2029-09": 1.1730798892, "GBP-2015-06": 1.39033715676, "DKK-2012-01": 0.134513464798, "GBP-2021-10": 1.1730798892, "SEK-2011-10": 0.108604805435, "SEK-2015-09": 0.105314152116, "GBP-2015-10": 1.35740464232, "SEK-2011-09": 0.109823193773, "DKK-2012-05": 0.134556580388, "SEK-2016-05": 0.108709066994, "HRK-2018-07": 0.132496899084, "DKK-2012-07": 0.13452433666, "GBP-2026-09": 1.1730798892, "DKK-2009-07": 0.135163874628, "DKK-2007-09": 0.133652179318, "GBP-2021-08": 1.1730798892, "DKK-2013-06": 0.134190235664, "SEK-2007-06": 0.107408991921, "GBP-2017-09": 1.1730798892, "HRK-2015-05": 0.131730039038, "SEK-2007-12": 0.106175105262, "HRK-2015-04": 0.130748009362, "DKK-2012-10": 0.134130965475, "DKK-2011-02": 0.134519078656, "GBP-2026-05": 1.1730798892, "SEK-2011-02": 0.113810228807, "DKK-2013-05": 0.133984421311, "SEK-2012-06": 0.111176581765, "HRK-2015-01": 0.130655801276, "SEK-2007-10": 0.108987425728, "SEK-2011-08": 0.109223449562, "DKK-2015-06": 0.134069823564, "HRK-2012-01": 0.132678784662, "DKK-2012-03": 0.134506227638, "HRK-2015-08": 0.131629172584, "SEK-2015-03": 0.10713459333, "HRK-2015-09": 0.132415254237, "GBP-2026-11": 1.1730798892, "HRK-2012-05": 0.133280021325, "SEK-2009-01": 0.0912207266189, "DKK-2012-08": 0.134376091806, "SEK-2015-02": 0.106928647891, "GBP-2001-05": 1.61559260929, "SEK-2007-09": 0.106021433229, "DKK-2013-01": 0.133757706393, "DKK-2016-09": 0.134386125705, "GBP-2010-02": 1.14454107669, "GBP-2007-10": 1.43591905565, "DKK-2016-05": 0.134358742749, "GBP-2013-10": 1.2001480933, "DKK-2015-03": 0.133992030821, "GBP-2031-10": 1.1730798892,