{"SEK-2015-04": 0.10806021115, "HRK-2012-02": 0.131960939562, "DKK-2012-12": 0.134013776192, "DKK-2011-07": 0.13424611383, "GBP-2021-08": 1.1730798892, "DKK-2014-04": 0.133949501038, "SEK-2008-07": 0.105874740547, "GBP-2026-05": 1.1730798892, "SEK-2009-08": 0.0980052407283, "SEK-2010-07": 0.105070021941, "PLN-2018-06": 0.227075893156, "PLN-2014-06": 0.241329810685, "GBP-2015-12": 1.42126208073, "GBP-2006-07": 1.45449539841, "GBP-2024-07": 1.1730798892, "GBP-2003-03": 1.45956223335, "GBP-2015-04": 1.37268359643, "DKK-2010-01": 0.133727982798, "GBP-2018-06": 1.1730798892, "DKK-2013-09": 0.134067310802, "GBP-2015-03": 1.3786488393, "HRK-2013-07": 0.134339987641, "DKK-2012-10": 0.134130965475, "DKK-2011-06": 0.134346106653, "SEK-2012-08": 0.120208200603, "HRK-2015-11": 0.13184012607, "HRK-2012-05": 0.133280021325, "SEK-2011-01": 0.111538676036, "DKK-2014-11": 0.134354589173, "DKK-2010-06": 0.135646024807, "GBP-2029-09": 1.1730798892, "HRK-2014-08": 0.130890052356, "HRK-2016-11": 0.133061717926, "DKK-2015-05": 0.1337482567, "GBP-2008-07": 1.26339144216, "GBP-2007-07": 1.48559792669, "SEK-2007-03": 0.107251378301, "SEK-2011-02": 0.113810228807, "HRK-2013-12": 0.130947518662, "DKK-2007-09": 0.133652179318, "GBP-2001-10": 1.6202739726, "SEK-2012-01": 0.112208258528, "GBP-2014-11": 1.27722765942, "PLN-2010-06": 0.243072435586, "HRK-2013-10": 0.131314590364, "DKK-2012-05": 0.134556580388, "GBP-2021-04": 1.1730798892, "DKK-2011-03": 0.134016509293, "DKK-2012-07": 0.13452433666, "GBP-2010-02": 1.14454107669, "SEK-2009-11": 0.0958296470862, "GBP-2028-01": 1.1730798892, "DKK-2008-01": 0.133076377752, "HRK-2015-06": 0.132030631106, "HUF-2005-06": 0.00393561336534, "GBP-2014-07": 1.25297581757, "HRK-2013-04": 0.131585345129, "GBP-2018-03": 1.1730798892, "HUF-2017-06": 0.00323061370124, "SEK-2008-04": 0.106288321058, "DKK-2013-04": 0.134146253429, "GBP-2015-06": 1.39033715676, "PLN-2011-06": 0.252716704574, "GBP-2002-06": 1.55800575264, "SEK-2013-05": 0.116932554746, "DKK-2009-10": 0.13430285544, "HRK-2016-04": 0.133146927635, "DKK-2015-12": 0.134044663682, "SEK-2014-04": 0.112357025685, "HRK-2013-08": 0.132996409097, "DKK-2007-10": 0.134125247422, "DKK-2012-06": 0.13457682318, "DKK-2013-01": 0.133757706393, "DKK-2014-10": 0.134341792388, "DKK-2016-03": 0.134064431366, "HRK-2016-01": 0.131001808829, "SEK-2008-03": 0.106832291246, "DKK-2008-09": 0.134103984229, "DKK-2007-08": 0.1345881248, "DKK-2009-02": 0.134030963426, "CZK-2008-06": 0.0398596938776, "SEK-2009-09": 0.0964008194918, "HRK-2013-03": 0.131731478554, "GBP-2019-08": 1.1730798892, "SEK-2007-05": 0.109504028169, "SEK-2017-01": 0.104388820232, "HRK-2014-10": 0.130847235852, "HRK-2015-02": 0.130031505505, "HRK-2012-11": 0.132925694537, "DKK-2015-10": 0.134039273507, "GBP-2004-06": 1.5010219933, "SEK-2007-01": 0.111103193157, "GBP-2016-06": 1.29269112438, "DKK-2007-11": 0.13428176382, "SEK-2012-10": 0.118020559181, "HRK-2012-12": 0.132635905776, "HUF-2015-06": 0.003235094303, "DKK-2008-03": 0.134408237586, "DKK-2015-09": 0.133987190825, "GBP-2006-11": 1.49651171906, "DKK-2013-03": 0.134116574126, "DKK-2012-03": 0.134506227638, "SEK-2014-05": 0.110761883268, "SEK-2011-05": 0.111677704221, "DKK-2014-03": 0.133909764278, "GBP-2006-03": 1.46168646478, "DKK-2013-10": 0.134400568826, "SEK-2011-03": 0.114591949812, "HRK-2012-08": 0.133049494412, "HUF-2016-06": 0.00318359810258, "SEK-2016-05": 0.108709066994, "DKK-2010-04": 0.135305186694, "HRK-2014-03": 0.130639509536, "SEK-2011-07": 0.110003250288, "SEK-2016-02": 0.107717994291, "GBP-2024-03": 1.1730798892, "HRK-2015-03": 0.130397039178, "HRK-2013-05": 0.131689850217, "DKK-2010-08": 0.134639102847, "SEK-2009-02": 0.0932818459334, "HRK-2014-05": 0.131373011009, "SEK-2012-05": 0.112604993515, "GBP-2020-02": 1.1730798892, "SEK-2007-10": 0.108987425728, "CZK-2009-06": 0.0373371168278, "SEK-2007-12": 0.106175105262, "DKK-2009-07": 0.135163874628, "HRK-2014-12": 0.130279579979, "GBP-2013-02": 1.16049669258, "GBP-2015-05": 1.35443084304, "SEK-2014-03": 0.112877763779, "HUF-2018-06": 0.00323061370124, "PLN-2016-06": 0.227386420483, "PLN-2007-06": 0.262123197903, "SEK-2014-07": 0.109170305677, "DKK-2016-09": 0.134386125705, "GBP-2019-10": 1.1730798892, "DKK-2008-05": 0.133307226446, "GBP-2025-06": 1.1730798892, "PLN-2019-06": 0.227075893156, "SEK-2013-04": 0.11967678884, "GBP-2001-07": 1.66002358491, "SEK-2016-10": 0.103771911275, "GBP-2020-04": 1.1730798892, "DKK-2009-03": 0.134431764888, "GBP-2005-02": 1.44254241191, "DKK-2009-08": 0.135641012323, "DKK-2013-02": 0.134044663682, "GBP-2016-03": 1.2853470437, "GBP-2022-07": 1.1730798892, "CZK-2007-06": 0.0353544281421, "DKK-2009-01": 0.134315132358, "DKK-2011-12": 0.13453518095, "HRK-2014-04": 0.130744590443, "GBP-2028-02": 1.1730798892, "DKK-2011-08": 0.132245804669, "DKK-2015-11": 0.134030713709, "SEK-2016-06": 0.107763265658, "SEK-2007-07": 0.108168357883, "SEK-2011-09": 0.109823193773, "SEK-2015-10": 0.10666211575, "DKK-2015-06": 0.134069823564, "PLN-2008-06": 0.296305075706, "SEK-2014-08": 0.108453988395, "HRK-2012-06": 0.132366177794, "GBP-2015-07": 1.4103377759, "GBP-2027-11": 1.1730798892, "SEK-2009-04": 0.0918625598091, "HRK-2015-05": 0.131730039038, "DKK-2011-09": 0.134250345534, "SEK-2008-09": 0.105699306613, "DKK-2013-08": 0.134136363027, "DKK-2011-11": 0.134383314968, "GBP-2012-11": 1.24509742887, "SEK-2013-10": 0.116454846171, "GBP-2016-07": 1.19289037337, "HRK-2015-08": 0.131629172584, "HRK-2011-09": 0.13360945955, "SEK-2015-12": 0.10855641677, "SEK-2014-10": 0.109972286984, "HRK-2016-06": 0.133123885087, "HRK-2016-08": 0.13372677328, "HUF-2002-06": 0.00412201154163, "DKK-2012-04": 0.134410408742, "GBP-2014-10": 1.28501670522, "GBP-2004-11": 1.43732350173, "SEK-2007-08": 0.10825856516, "HRK-2016-05": 0.133178670566, "SEK-2009-03": 0.0876428367897, "SEK-2008-01": 0.105207173503, "DKK-2015-07": 0.134035680298, "SEK-2010-03": 0.102649146066, "HRK-2016-02": 0.130539781999, "SEK-2015-09": 0.105314152116, "DKK-2008-07": 0.134133394319, "GBP-2016-04": 1.25172111654, "DKK-2010-03": 0.134292012677, "DKK-2008-02": 0.133837510478, "HRK-2012-04": 0.133111480865, "SEK-2007-09": 0.106021433229, "GBP-2016-02": 1.31406044678, "DKK-2008-04": 0.133726253159, "SEK-2012-07": 0.114132555014, "DKK-2010-05": 0.134228029368, "GBP-2015-01": 1.28762545453, "SEK-2010-01": 0.0970412141567, "SEK-2010-12": 0.109448755978, "GBP-2013-10": 1.2001480933, "SEK-2015-11": 0.106413041658, "SEK-2008-02": 0.105749587295, "DKK-2014-02": 0.134098679892, "DKK-2008-06": 0.13452423658, "HUF-2014-06": 0.00330330679117, "DKK-2011-04": 0.134813376596, "SEK-2008-08": 0.105642612816, "DKK-2011-02": 0.134519078656, "DKK-2011-10": 0.133844710607, "GBP-2001-09": 1.58440707579, "HRK-2013-06": 0.132162742502, "DKK-2007-06": 0.134330059509, "DKK-2009-11": 0.134004140192, "GBP-2008-12": 1.17703045685, "DKK-2016-01": 0.134134153088, "SEK-2008-06": 0.10754490162, "GBP-2011-06": 1.13763187118, "DKK-2011-05": 0.13374689657, "SEK-2015-03": 0.10713459333, "PLN-2015-06": 0.241925728801, "DKK-2016-02": 0.134003350084, "DKK-2014-09": 0.134238999114, "DKK-2015-08": 0.133927004789, "SEK-2011-06": 0.112285455282, "DKK-2008-08": 0.134004466294, "SEK-2016-04": 0.108209883891, "HRK-2014-09": 0.131345636041, "GBP-2031-10": 1.1730798892, "DKK-2010-02": 0.134263397549, "SEK-2012-03": 0.11346230215, "GBP-2026-09": 1.1730798892, "DKK-2013-05": 0.133984421311, "GBP-2009-09": 1.12952354338, "CZK-2019-06": 0.0370175469336, "GBP-2001-01": 1.60720042988, "SEK-2014-09": 0.108789068874, "SEK-2008-10": 0.102764818909, "DKK-2012-09": 0.134230231971, "HRK-2012-01": 0.132678784662, "GBP-2014-04": 1.20598166908, "HRK-2011-08": 0.134589502019, "DKK-2013-11": 0.134077013837, "DKK-2015-04": 0.133854473417, "CZK-2011-06": 0.0408146606261, "GBP-2014-12": 1.26151129053, "DKK-2010-12": 0.134527021188, "DKK-2013-06": 0.134190235664, "SEK-2012-09": 0.120046262464, "SEK-2010-09": 0.107468086277, "GBP-2016-01": 1.35802720366, "HUF-2000-06": 0.00385668556443, "PLN-2017-06": 0.227075893156,