{"SEK-2014-03": 0.112877763779, "PLN-2012-06": 0.226628895184, "DKK-2014-04": 0.133949501038, "DKK-2010-06": 0.135646024807, "DKK-2014-09": 0.134238999114, "GBP-2004-08": 1.51034139048, "DKK-2014-03": 0.133909764278, "HRK-2018-07": 0.132496899084, "SEK-2008-07": 0.105874740547, "CZK-2014-06": 0.0363834369705, "HRK-2012-07": 0.133053716711, "HUF-2001-06": 0.00394399526721, "GBP-2015-04": 1.37268359643, "SEK-2016-05": 0.108709066994, "SEK-2007-07": 0.108168357883, "GBP-2001-06": 1.67020523709, "DKK-2016-02": 0.134003350084, "GBP-2003-09": 1.43245953302, "GBP-2008-04": 1.26270753512, "DKK-2007-09": 0.133652179318, "SEK-2014-07": 0.109170305677, "HRK-2011-12": 0.133182393288, "GBP-2004-11": 1.43732350173, "SEK-2008-04": 0.106288321058, "GBP-2031-03": 1.1730798892, "DKK-2013-03": 0.134116574126, "GBP-2017-04": 1.1730798892, "HUF-2018-06": 0.00323061370124, "SEK-2011-02": 0.113810228807, "DKK-2008-05": 0.133307226446, "GBP-2015-05": 1.35443084304, "HUF-2016-06": 0.00318359810258, "HRK-2014-08": 0.130890052356, "DKK-2013-08": 0.134136363027, "GBP-2025-06": 1.1730798892, "DKK-2013-09": 0.134067310802, "DKK-2008-08": 0.134004466294, "GBP-2003-12": 1.43181629087, "DKK-2013-10": 0.134400568826, "DKK-2016-01": 0.134134153088, "GBP-2020-01": 1.1730798892, "DKK-2013-05": 0.133984421311, "SEK-2011-09": 0.109823193773, "SEK-2013-12": 0.112216294697, "GBP-2002-06": 1.55800575264, "DKK-2009-11": 0.134004140192, "SEK-2012-02": 0.112623080471, "SEK-2009-10": 0.0976815664101, "SEK-2008-05": 0.106340892618, "DKK-2009-10": 0.13430285544, "SEK-2007-06": 0.107408991921, "HRK-2012-08": 0.133049494412, "SEK-2010-10": 0.108548410738, "HRK-2014-02": 0.130759150299, "SEK-2011-03": 0.114591949812, "GBP-2001-03": 1.57007228395, "DKK-2015-09": 0.133987190825, "SEK-2011-05": 0.111677704221, "SEK-2008-11": 0.100735498889, "GBP-2004-02": 1.47084948321, "HRK-2012-03": 0.132152768601, "CZK-2011-06": 0.0408146606261, "DKK-2009-02": 0.134030963426, "GBP-2019-10": 1.1730798892, "GBP-2001-12": 1.60204540346, "GBP-2005-01": 1.40665149402, "DKK-2015-12": 0.134044663682, "HUF-2011-06": 0.00375615069677, "HRK-2015-02": 0.130031505505, "SEK-2011-01": 0.111538676036, "SEK-2016-04": 0.108209883891, "SEK-2007-01": 0.111103193157, "HRK-2015-12": 0.130950042559, "SEK-2012-03": 0.11346230215, "GBP-2031-10": 1.1730798892, "SEK-2016-03": 0.106780565937, "DKK-2011-10": 0.133844710607, "GBP-2023-10": 1.1730798892, "SEK-2008-12": 0.0957514074078, "PLN-2016-06": 0.227386420483, "SEK-2016-08": 0.1043099035, "SEK-2008-09": 0.105699306613, "SEK-2007-05": 0.109504028169, "SEK-2010-01": 0.0970412141567, "HRK-2011-09": 0.13360945955, "SEK-2013-03": 0.119531436768, "SEK-2016-07": 0.10649627263, "HUF-2009-06": 0.00356214155951, "SEK-2011-04": 0.112360545773, "DKK-2012-03": 0.134506227638, "SEK-2009-06": 0.0951487478453, "SEK-2011-11": 0.110344827586, "HRK-2014-11": 0.130452762509, "CZK-2015-06": 0.036443148688, "SEK-2015-12": 0.10855641677, "DKK-2008-03": 0.134408237586, "HRK-2015-10": 0.130890052356, "DKK-2009-06": 0.134010763101, "GBP-2014-12": 1.26151129053, "HRK-2013-03": 0.131731478554, "SEK-2014-05": 0.110761883268, "CZK-2018-06": 0.0370175469336, "GBP-2014-11": 1.27722765942, "SEK-2016-01": 0.109045346144, "DKK-2009-08": 0.135641012323, "DKK-2011-06": 0.134346106653, "HRK-2016-05": 0.133178670566, "DKK-2009-07": 0.135163874628, "GBP-2013-10": 1.2001480933, "HRK-2014-03": 0.130639509536, "SEK-2008-10": 0.102764818909, "DKK-2015-03": 0.133992030821, "GBP-2026-09": 1.1730798892, "SEK-2009-12": 0.0960702537633, "HRK-2015-01": 0.130655801276, "CZK-2017-06": 0.0370175469336, "HRK-2015-04": 0.130748009362, "DKK-2010-02": 0.134263397549, "HRK-2013-12": 0.130947518662, "SEK-2013-05": 0.116932554746, "HUF-2012-06": 0.00326797385621, "SEK-2014-02": 0.113244273311, "GBP-2004-06": 1.5010219933, "SEK-2014-01": 0.1129897956, "DKK-2011-09": 0.134250345534, "SEK-2010-11": 0.107299625958, "HRK-2013-08": 0.132996409097, "PLN-2009-06": 0.22411474675, "SEK-2001-07": 0.108376553903, "DKK-2016-05": 0.134358742749, "DKK-2010-09": 0.134461808544, "DKK-2011-05": 0.13374689657, "DKK-2007-08": 0.1345881248, "GBP-2010-07": 1.22696301103, "HRK-2011-08": 0.134589502019, "SEK-2009-07": 0.0938785084126, "SEK-2015-05": 0.106727364755, "SEK-2014-08": 0.108453988395, "CZK-2010-06": 0.0390198220696, "GBP-2018-03": 1.1730798892, "HRK-2016-04": 0.133146927635, "SEK-2013-01": 0.116174750296, "SEK-2008-02": 0.105749587295, "SEK-2007-09": 0.106021433229, "DKK-2015-01": 0.134401444313, "SEK-2015-04": 0.10806021115, "GBP-2024-03": 1.1730798892, "DKK-2011-01": 0.134165157309, "HRK-2015-06": 0.132030631106, "HRK-2015-05": 0.131730039038, "DKK-2014-10": 0.134341792388, "SEK-2016-10": 0.103771911275, "DKK-2008-01": 0.133076377752, "CZK-2007-06": 0.0353544281421, "GBP-2020-02": 1.1730798892, "HUF-2003-06": 0.00400432467064, "GBP-2008-12": 1.17703045685, "GBP-2014-04": 1.20598166908, "GBP-2015-09": 1.36462882096, "GBP-2013-02": 1.16049669258, "DKK-2010-03": 0.134292012677, "GBP-2001-01": 1.60720042988, "DKK-2016-06": 0.134435706124, "SEK-2007-08": 0.10825856516, "GBP-2016-04": 1.25172111654, "PLN-2007-06": 0.262123197903, "DKK-2007-07": 0.134532429849, "GBP-2015-12": 1.42126208073, "DKK-2008-11": 0.133579291815, "DKK-2015-04": 0.133854473417, "SEK-2014-06": 0.109664305909, "PLN-2011-06": 0.252716704574, "SEK-2008-01": 0.105207173503, "HRK-2011-11": 0.133315557926, "GBP-2020-04": 1.1730798892, "DKK-2015-05": 0.1337482567, "SEK-2007-10": 0.108987425728, "HUF-2014-06": 0.00330330679117, "SEK-2012-09": 0.120046262464, "DKK-2013-07": 0.134064431366, "GBP-2016-03": 1.2853470437, "DKK-2009-05": 0.134184019763, "GBP-2013-05": 1.18123788756, "DKK-2011-02": 0.134519078656, "HRK-2016-03": 0.131125185214, "GBP-2009-09": 1.12952354338, "DKK-2013-11": 0.134077013837, "GBP-2006-03": 1.46168646478, "SEK-2010-12": 0.109448755978, "HRK-2016-06": 0.133123885087, "DKK-2014-08": 0.134125568357, "SEK-2011-12": 0.109579434132, "GBP-2024-07": 1.1730798892, "DKK-2012-04": 0.134410408742, "HUF-2008-06": 0.00414370364232, "GBP-2026-11": 1.1730798892, "PLN-2010-06": 0.243072435586, "SEK-2015-07": 0.108154877785, "CZK-2016-06": 0.037000037, "GBP-2001-10": 1.6202739726, "SEK-2014-10": 0.109972286984, "CZK-2009-06": 0.0373371168278, "HRK-2012-06": 0.132366177794, "PLN-2014-06": 0.241329810685, "GBP-2022-07": 1.1730798892, "DKK-2011-03": 0.134016509293, "DKK-2012-01": 0.134513464798, "GBP-2003-03": 1.45956223335, "HRK-2014-06": 0.131940524565, "SEK-2009-08": 0.0980052407283, "PLN-2015-06": 0.241925728801, "HRK-2015-08": 0.131629172584, "DKK-2014-12": 0.134406795608, "GBP-2028-02": 1.1730798892, "SEK-2010-08": 0.106649464421, "DKK-2014-02": 0.134098679892, "HUF-2015-06": 0.003235094303, "HRK-2015-07": 0.131778348817, "SEK-2010-05": 0.103792571749, "SEK-2012-08": 0.120208200603, "DKK-2009-04": 0.134040852424, "GBP-2015-03": 1.3786488393, "DKK-2010-05": 0.134228029368, "GBP-2028-01": 1.1730798892, "DKK-2010-08": 0.134639102847, "GBP-2013-01": 1.22961060133, "GBP-2012-11": 1.24509742887, "PLN-2018-06": 0.227075893156, "GBP-2007-05": 1.46953325983, "SEK-2007-12": 0.106175105262, "DKK-2008-09": 0.134103984229, "HUF-2002-06": 0.00412201154163, "HRK-2014-04": 0.130744590443, "CZK-2012-06": 0.0387792298445, "DKK-2012-11": 0.13405364827, "HUF-2000-06": 0.00385668556443, "DKK-2012-05": 0.134556580388, "SEK-2011-10": 0.108604805435, "HRK-2011-10": 0.133342222815, "SEK-2015-06": 0.106684874219, "DKK-2013-02": 0.134044663682, "SEK-2008-08": 0.105642612816, "GBP-2015-10": 1.35740464232, "HUF-2004-06": 0.00397772474145, "DKK-2008-12": 0.134534341128, "DKK-2011-07": 0.13424611383, "SEK-2015-09": 0.105314152116, "HRK-2012-10": 0.134671065921, "GBP-2006-11": 1.49651171906, "DKK-2014-01": 0.134150377071, "GBP-2021-10": 1.1730798892, "SEK-2009-09": 0.0964008194918, "HUF-2017-06": 0.00323061370124, "SEK-2016-06": 0.107763265658, "HUF-2010-06": 0.00361506760176, "HRK-2014-12": 0.130279579979, "GBP-2010-02": 1.14454107669, "SEK-2010-02": 0.0987758357063, "SEK-2015-03": 0.10713459333,