{"SEK-2011-06": 0.112285455282, "GBP-2025-06": 1.1730798892, "CZK-2009-06": 0.0373371168278, "DKK-2014-08": 0.134125568357, "SEK-2011-01": 0.111538676036, "HRK-2015-07": 0.131778348817, "GBP-2003-12": 1.43181629087, "GBP-2016-07": 1.19289037337, "SEK-2015-01": 0.106002262711, "SEK-2012-09": 0.120046262464, "SEK-2014-06": 0.109664305909, "GBP-2014-12": 1.26151129053, "CZK-2014-06": 0.0363834369705, "GBP-2026-09": 1.1730798892, "GBP-2016-06": 1.29269112438, "SEK-2015-05": 0.106727364755, "SEK-2007-08": 0.10825856516, "SEK-2010-07": 0.105070021941, "DKK-2009-11": 0.134004140192, "GBP-2006-11": 1.49651171906, "SEK-2010-06": 0.105334772234, "SEK-2008-05": 0.106340892618, "SEK-2010-09": 0.107468086277, "HRK-2012-03": 0.132152768601, "SEK-2010-10": 0.108548410738, "GBP-2015-06": 1.39033715676, "SEK-2015-12": 0.10855641677, "DKK-2015-11": 0.134030713709, "HUF-2019-06": 0.00323061370124, "HRK-2012-11": 0.132925694537, "SEK-2016-08": 0.1043099035, "HRK-2016-05": 0.133178670566, "HRK-2015-09": 0.132415254237, "GBP-2001-09": 1.58440707579, "SEK-2014-08": 0.108453988395, "GBP-2012-11": 1.24509742887, "SEK-2012-10": 0.118020559181, "DKK-2016-01": 0.134134153088, "HRK-2015-05": 0.131730039038, "GBP-2019-10": 1.1730798892, "CZK-2011-06": 0.0408146606261, "HRK-2016-02": 0.130539781999, "DKK-2011-10": 0.133844710607, "SEK-2008-11": 0.100735498889, "DKK-2014-11": 0.134354589173, "DKK-2015-05": 0.1337482567, "GBP-2015-08": 1.42131573685, "DKK-2009-03": 0.134431764888, "DKK-2012-05": 0.134556580388, "CZK-2012-06": 0.0387792298445, "SEK-2011-11": 0.110344827586, "SEK-2011-07": 0.110003250288, "DKK-2016-06": 0.134435706124, "GBP-2007-07": 1.48559792669, "HRK-2011-10": 0.133342222815, "SEK-2010-02": 0.0987758357063, "SEK-2013-02": 0.116249331566, "GBP-2016-01": 1.35802720366, "DKK-2009-09": 0.133617048648, "DKK-2012-08": 0.134376091806, "GBP-2013-05": 1.18123788756, "GBP-2014-11": 1.27722765942, "HRK-2011-09": 0.13360945955, "SEK-2007-09": 0.106021433229, "GBP-2013-01": 1.22961060133, "SEK-2012-08": 0.120208200603, "HRK-2011-12": 0.133182393288, "GBP-2007-10": 1.43591905565, "DKK-2012-03": 0.134506227638, "SEK-2012-01": 0.112208258528, "DKK-2008-02": 0.133837510478, "GBP-2004-08": 1.51034139048, "DKK-2009-07": 0.135163874628, "SEK-2012-02": 0.112623080471, "SEK-2009-12": 0.0960702537633, "GBP-2024-07": 1.1730798892, "GBP-2004-03": 1.49631528356, "HUF-2002-06": 0.00412201154163, "SEK-2009-02": 0.0932818459334, "GBP-2027-11": 1.1730798892, "HRK-2011-08": 0.134589502019, "GBP-2013-10": 1.2001480933, "HRK-2013-12": 0.130947518662, "HUF-2001-06": 0.00394399526721, "GBP-2001-03": 1.57007228395, "SEK-2009-07": 0.0938785084126, "GBP-2016-05": 1.27616894938, "HRK-2014-03": 0.130639509536, "SEK-2013-10": 0.116454846171, "DKK-2007-10": 0.134125247422, "DKK-2009-02": 0.134030963426, "SEK-2009-10": 0.0976815664101, "SEK-2007-02": 0.110612528825, "HRK-2015-01": 0.130655801276, "HRK-2015-12": 0.130950042559, "DKK-2010-03": 0.134292012677, "GBP-2015-01": 1.28762545453, "GBP-2014-10": 1.28501670522, "DKK-2011-12": 0.13453518095, "SEK-2010-11": 0.107299625958, "GBP-2009-12": 1.1029587369, "SEK-2007-07": 0.108168357883, "SEK-2007-03": 0.107251378301, "SEK-2017-01": 0.104388820232, "HRK-2013-05": 0.131689850217, "GBP-2017-09": 1.1730798892, "GBP-2016-03": 1.2853470437, "CZK-2008-06": 0.0398596938776, "DKK-2011-08": 0.132245804669, "SEK-2014-10": 0.109972286984, "GBP-2021-11": 1.1730798892, "DKK-2008-09": 0.134103984229, "GBP-2001-05": 1.61559260929, "DKK-2011-01": 0.134165157309, "DKK-2016-03": 0.134064431366, "DKK-2014-03": 0.133909764278, "GBP-2026-11": 1.1730798892, "DKK-2009-05": 0.134184019763, "DKK-2008-10": 0.133834018173, "HRK-2014-12": 0.130279579979, "GBP-2008-04": 1.26270753512, "SEK-2009-03": 0.0876428367897, "GBP-2021-08": 1.1730798892, "SEK-2009-08": 0.0980052407283, "GBP-2001-04": 1.60665760869, "HRK-2015-04": 0.130748009362, "DKK-2012-01": 0.134513464798, "GBP-2015-04": 1.37268359643, "DKK-2008-01": 0.133076377752, "SEK-2010-03": 0.102649146066, "SEK-2016-10": 0.103771911275, "DKK-2011-09": 0.134250345534, "DKK-2007-06": 0.134330059509, "HUF-2015-06": 0.003235094303, "HRK-2014-08": 0.130890052356, "HRK-2013-09": 0.132137058062, "HRK-2014-02": 0.130759150299, "HRK-2012-08": 0.133049494412, "GBP-2028-01": 1.1730798892, "DKK-2014-10": 0.134341792388, "GBP-2004-02": 1.47084948321, "GBP-2001-10": 1.6202739726, "CZK-2015-06": 0.036443148688, "GBP-2006-07": 1.45449539841, "GBP-2016-04": 1.25172111654, "HRK-2016-07": 0.132916860504, "DKK-2012-04": 0.134410408742, "DKK-2014-12": 0.134406795608, "CZK-2007-06": 0.0353544281421, "GBP-2005-02": 1.44254241191, "SEK-2007-10": 0.108987425728, "SEK-2013-09": 0.114245366028, "GBP-2009-09": 1.12952354338, "SEK-2014-07": 0.109170305677, "GBP-2019-11": 1.1730798892, "DKK-2013-02": 0.134044663682, "GBP-2010-07": 1.22696301103, "HRK-2016-12": 0.132529949035, "DKK-2013-09": 0.134067310802, "HRK-2012-02": 0.131960939562, "HUF-2016-06": 0.00318359810258, "GBP-2020-02": 1.1730798892, "SEK-2014-01": 0.1129897956, "SEK-2010-04": 0.10359704522, "GBP-2010-02": 1.14454107669, "DKK-2011-06": 0.134346106653, "HRK-2016-09": 0.13370833931, "DKK-2007-12": 0.133431985471, "SEK-2011-12": 0.109579434132, "GBP-2016-02": 1.31406044678, "GBP-2018-03": 1.1730798892, "SEK-2012-03": 0.11346230215, "SEK-2010-01": 0.0970412141567, "GBP-2007-01": 1.48716780562, "SEK-2013-05": 0.116932554746, "SEK-2008-12": 0.0957514074078, "HRK-2012-10": 0.134671065921, "SEK-2013-12": 0.112216294697, "DKK-2015-07": 0.134035680298, "HRK-2016-11": 0.133061717926, "SEK-2008-04": 0.106288321058, "DKK-2015-12": 0.134044663682, "SEK-2013-03": 0.119531436768, "GBP-2031-03": 1.1730798892, "DKK-2016-02": 0.134003350084, "SEK-2010-08": 0.106649464421, "HRK-2013-08": 0.132996409097, "SEK-2009-06": 0.0951487478453, "SEK-2013-11": 0.113565385271, "GBP-2012-03": 1.19774823332, "SEK-2015-03": 0.10713459333, "CZK-2017-06": 0.0370175469336, "SEK-2011-08": 0.109223449562, "SEK-2016-06": 0.107763265658, "SEK-2015-06": 0.106684874219, "GBP-2018-06": 1.1730798892, "DKK-2009-12": 0.134603616377, "GBP-2029-09": 1.1730798892, "SEK-2013-07": 0.114998045033, "DKK-2008-11": 0.133579291815, "DKK-2008-04": 0.133726253159, "SEK-2014-04": 0.112357025685, "DKK-2015-08": 0.133927004789, "DKK-2016-09": 0.134386125705, "HRK-2016-04": 0.133146927635, "GBP-2008-07": 1.26339144216, "HRK-2013-10": 0.131314590364, "DKK-2014-02": 0.134098679892, "GBP-2020-01": 1.1730798892, "CZK-2019-06": 0.0370175469336, "SEK-2008-01": 0.105207173503, "GBP-2001-01": 1.60720042988, "SEK-2016-05": 0.108709066994, "DKK-2009-01": 0.134315132358, "GBP-2014-04": 1.20598166908, "SEK-2012-06": 0.111176581765, "DKK-2011-04": 0.134813376596, "HUF-2017-06": 0.00323061370124, "SEK-2016-03": 0.106780565937, "SEK-2012-07": 0.114132555014, "HRK-2016-01": 0.131001808829, "GBP-2003-09": 1.43245953302, "DKK-2010-12": 0.134527021188, "SEK-2009-04": 0.0918625598091, "GBP-2010-11": 1.15252046532, "HRK-2015-11": 0.13184012607, "SEK-2010-05": 0.103792571749, "SEK-2007-05": 0.109504028169, "HUF-2014-06": 0.00330330679117, "SEK-2008-03": 0.106832291246, "DKK-2010-09": 0.134461808544, "SEK-2008-07": 0.105874740547, "DKK-2008-05": 0.133307226446, "HRK-2012-04": 0.133111480865, "SEK-2008-02": 0.105749587295, "SEK-2011-02": 0.113810228807, "DKK-2008-06": 0.13452423658, "GBP-2015-12": 1.42126208073, "SEK-2015-07": 0.108154877785, "GBP-2020-04": 1.1730798892, "SEK-2009-01": 0.0912207266189, "HUF-2018-06": 0.00323061370124, "DKK-2013-05": 0.133984421311, "DKK-2008-08": 0.134004466294, "DKK-2011-03": 0.134016509293, "SEK-2015-11": 0.106413041658, "SEK-2007-06": 0.107408991921, "HRK-2012-06": 0.132366177794, "SEK-2011-09": 0.109823193773, "SEK-2014-02": 0.113244273311, "DKK-2012-07": 0.13452433666, "DKK-2013-11": 0.134077013837, "DKK-2010-04": 0.135305186694, "SEK-2014-03": 0.112877763779, "DKK-2014-09": 0.134238999114, "HRK-2018-07": 0.132496899084, "GBP-2001-12": 1.60204540346, "GBP-2011-06": 1.13763187118, "SEK-2011-03": 0.114591949812, "DKK-2016-04": 0.134222782975,